{"cameraMode":{"drawMode":0,"name":"Shaded","section":"Shading Mode"},"sceneLighting":true,"audioPlay":false,"sceneViewState":{"m_AlwaysRefresh":false,"showFog":true,"showSkybox":true,"showFlares":true,"showImageEffects":true,"showParticleSystems":true,"showVisualEffectGraphs":true,"m_FxEnabled":true},"in2DMode":false,"pivot":{"x":24.24736785888672,"y":10.187192916870118,"z":-18.778182983398439},"rotation":{"x":0.012019391171634198,"y":0.4151054322719574,"z":0.005437308922410011,"w":-0.9096662402153015},"size":28.497737884521486,"orthographic":false}