{"cameraMode":{"drawMode":0,"name":"Shaded","section":"Shading Mode"},"sceneLighting":true,"audioPlay":false,"sceneViewState":{"m_AlwaysRefresh":false,"showFog":true,"showSkybox":true,"showFlares":true,"showImageEffects":true,"showParticleSystems":true,"showVisualEffectGraphs":true,"m_FxEnabled":true},"in2DMode":false,"pivot":{"x":-3.0403337478637697,"y":-7.456366062164307,"z":19.39995765686035},"rotation":{"x":0.23356513679027558,"y":-0.1867745816707611,"z":0.045764271169900897,"w":0.9531447887420654},"size":14.484601974487305,"orthographic":false}