{"cameraMode":{"drawMode":0,"name":"Shaded","section":"Shading Mode"},"sceneLighting":true,"audioPlay":false,"sceneViewState":{"m_AlwaysRefresh":false,"showFog":true,"showSkybox":true,"showFlares":true,"showImageEffects":true,"showParticleSystems":true,"showVisualEffectGraphs":true,"m_FxEnabled":true},"in2DMode":false,"pivot":{"x":3.2566328048706056,"y":1.0308868885040284,"z":13.432722091674805},"rotation":{"x":-0.008656518533825875,"y":0.7097806334495544,"z":-0.008750791661441327,"w":-0.7042862772941589},"size":7.352899551391602,"orthographic":false}